{
    "artstation_art": {
      "avatar": "https://images.unsplash.com/photo-1529665253569-6d01c0eaf7b6?ixid=MnwxMjA3fDB8MHxwaG90by1wYWdlfHx8fGVufDB8fHx8&ixlib=rb-1.2.1&auto=format&fit=crop&w=676&q=80",
      "post": "https://images.unsplash.com/photo-1586348943529-beaae6c28db9?ixid=MnwxMjA3fDB8MHxzZWFyY2h8M3x8bmF0dXJlfGVufDB8fDB8fA%3D%3D&ixlib=rb-1.2.1&auto=format&fit=crop&w=700&q=60",
      "caption": "Beautiful Image",
      "likes": "3100",
      "comments": "1008",
      "posted_ago": "22 hours"
    },
    "sonny_coder": {
      "avatar": "https://images.unsplash.com/photo-1579783483458-83d02161294e?ixid=MnwxMjA3fDB8MHxwaG90by1wYWdlfHx8fGVufDB8fHx8&ixlib=rb-1.2.1&auto=format&fit=crop&w=428&q=80",
      "post": "https://images.unsplash.com/photo-1441974231531-c6227db76b6e?ixid=MnwxMjA3fDB8MHxzZWFyY2h8NHx8bmF0dXJlfGVufDB8fDB8fA%3D%3D&ixlib=rb-1.2.1&auto=format&fit=crop&w=700&q=60",
      "caption": "Forests",
      "likes": "6324",
      "comments": "47",
      "posted_ago": "2 days"
    },
    "devianprogrammer": {
      "avatar": "https://images.unsplash.com/flagged/photo-1570612861542-284f4c12e75f?ixid=MnwxMjA3fDB8MHxzZWFyY2h8MXx8cGVyc29ufGVufDB8fDB8fA%3D%3D&ixlib=rb-1.2.1&auto=format&fit=crop&w=700&q=60",
      "post": "https://images.unsplash.com/photo-1433086966358-54859d0ed716?ixid=MnwxMjA3fDB8MHxzZWFyY2h8NXx8bmF0dXJlfGVufDB8fDB8fA%3D%3D&ixlib=rb-1.2.1&auto=format&fit=crop&w=700&q=60",
      "caption": "Water",
      "likes": "2053",
      "comments": "13",
      "posted_ago": "20 hours"
    },
    "kivymd": {
      "avatar": "https://images.unsplash.com/photo-1438761681033-6461ffad8d80?ixlib=rb-1.2.1&ixid=MnwxMjA3fDB8MHxzZWFyY2h8Mnx8cGVyc29ufGVufDB8fDB8fA%3D%3D&auto=format&fit=crop&w=700&q=60",
      "post": "https://images.unsplash.com/photo-1470071459604-3b5ec3a7fe05?ixid=MnwxMjA3fDB8MHxzZWFyY2h8Nnx8bmF0dXJlfGVufDB8fDB8fA%3D%3D&ixlib=rb-1.2.1&auto=format&fit=crop&w=700&q=60",
      "caption": "Mountains",
      "likes": "121",
      "comments": "45",
      "posted_ago": "46 mins"
    },
    "abc": {
      "avatar": "https://images.unsplash.com/photo-1547425260-76bcadfb4f2c?ixid=MnwxMjA3fDB8MHxzZWFyY2h8M3x8cGVyc29ufGVufDB8fDB8fA%3D%3D&ixlib=rb-1.2.1&auto=format&fit=crop&w=700&q=60",
      "post": "https://images.unsplash.com/photo-1540206395-68808572332f?ixid=MnwxMjA3fDB8MHxzZWFyY2h8N3x8bmF0dXJlfGVufDB8fDB8fA%3D%3D&ixlib=rb-1.2.1&auto=format&fit=crop&w=700&q=60",
      "caption": "Ocean",
      "likes": "58",
      "comments": "4",
      "posted_ago": "2 hours"
    },
    "insta": {
      "avatar": "https://images.unsplash.com/photo-1554151228-14d9def656e4?ixid=MnwxMjA3fDB8MHxzZWFyY2h8NHx8cGVyc29ufGVufDB8fDB8fA%3D%3D&ixlib=rb-1.2.1&auto=format&fit=crop&w=700&q=60",
      "post": "https://images.unsplash.com/reserve/HgZuGu3gSD6db21T3lxm_San%20Zenone.jpg?ixid=MnwxMjA3fDB8MHxzZWFyY2h8MTF8fG5hdHVyZXxlbnwwfHwwfHw%3D&ixlib=rb-1.2.1&auto=format&fit=crop&w=700&q=60",
      "caption": "Fields",
      "likes": "10",
      "comments": "1",
      "posted_ago": "3 hours"
    }
  }
