{
  "mikaelade": {
    "avatar": "https://images.unsplash.com/photo-1542909168-82c3e7fdca5c?ixid=MnwxMjA3fDB8MHxzZWFyY2h8OXx8ZmFjZXxlbnwwfHwwfHw%3D&ixlib=rb-1.2.1&auto=format&fit=crop&w=500&q=60"
  },
  "esthercamb": {
    "avatar": "https://images.generated.photos/jhWC7U8u8xseR6fW-_BbmAGwCxkSVK0k7E6A8A6YSbs/rs:fit:512:512/wm:0.95:sowe:18:18:0.33/czM6Ly9pY29uczgu/Z3Bob3Rvcy1wcm9k/LmNvbmQvYTVhZjZh/ODItMGVjYS00ODAz/LWE0MjItNGJkMTc2/MWUxZGNmLmpwZw.jpg"
  },
  "janthpson": {
    "avatar": "https://mymodernmet.com/wp/wp-content/uploads/2019/09/100k-ai-faces-6.jpg"
  },
  "joseebb": {
    "avatar": "https://mymodernmet.com/wp/wp-content/uploads/2019/09/100k-ai-faces-4.jpg"
  },
  "fraarks": {
    "avatar": "https://mymodernmet.com/wp/wp-content/uploads/2019/09/100k-ai-faces-5.jpg"
  },
  "judoval": {
    "avatar": "https://secure.gravatar.com/avatar/a5c47c8d1ebcc2fd1d03a33b2705eb55?s=100&d=mm&r=g"
  },
  "edingleton": {
    "avatar": "https://mymodernmet.com/wp/wp-content/uploads/2019/09/100k-ai-faces-7.jpg"
  }
}